bar_id,drink_id,qty_sold
1,1,5703
1,2,3163
1,3,6409
2,1,8031
2,3,2983
2,2,2048
3,1,7459
3,2,3257
3,5,7881
4,2,2026
4,3,1220
4,4,1525
4,10,6078
4,22,7922
5,20,9445
5,21,5250
5,22,9093
5,23,7510
6,2,7137
6,3,6196
6,4,3084
6,21,3646
6,22,6268
6,23,8223
7,4,1258
7,3,8913
7,6,8257
8,4,5624
8,2,8972
8,10,254
8,22,5378
9,1,6887
9,4,1568
9,2,5870
9,20,6206
9,22,2150
9,23,1974
10,4,4653
10,3,8600
10,10,3443
11,6,6736
11,4,2307
11,10,9133
11,22,5076
12,6,5314
12,1,8734
12,21,9350
12,20,2370
12,2,9817
13,21,1219
13,23,3534
13,22,6127
13,20,7860
13,6,1647
13,4,883
13,10,1049
14,10,6307
14,22,2944
14,5,4210
14,1,8301
14,4,8266
14,20,8661
15,20,9686
15,3,2883
15,1,6289
15,2,8953
15,22,2359
15,6,2079
15,10,7288
16,22,2178
16,4,973
16,2,1365
16,10,7677
17,6,2384
17,3,3633
17,10,8996
17,22,2891
17,5,1579
17,20,3096
18,1,5163
18,5,4234
18,21,7311
18,4,7714
18,22,9764
18,2,8289
19,3,978
19,10,8289
19,23,4873
19,22,5417
19,6,2659
20,5,7958
20,1,4275
20,22,3905
20,6,7446
20,4,5769
20,2,793
20,20,6552
21,4,5144
21,1,4753
22,1,8581
22,2,6537
22,20,9500
22,3,5660
22,5,8140
22,10,3819
22,23,7443
23,5,3594
23,4,4349
23,6,5838
23,21,3906
23,10,2613
23,1,3910
24,2,9556
24,5,3153
24,3,8073
24,6,2207
24,4,4741
24,23,9006
24,20,2257
25,2,9995
25,5,6015
25,1,8573
25,4,9671
25,6,2926
25,22,4954
26,1,8481
26,10,6992
26,20,497
27,22,7064
27,10,5671
27,20,5418
27,23,7307
27,2,4766
27,1,4706
27,21,4790
28,6,8533
28,10,5015
28,20,1143
28,23,1047
29,6,8313
29,3,1828
30,21,8007
30,3,1328
30,4,5637
31,5,8201
31,10,8380
31,6,2816
31,2,5949
31,21,2504
31,20,9806
32,23,7497
32,2,8687
32,22,2193
33,4,1135
33,10,4414
34,21,2283
34,6,9971
34,20,771
34,5,2300
35,5,2111
35,20,2947
35,10,4242
36,5,127
36,2,2284
36,20,9626
37,3,910
37,2,9084
37,23,9017
37,21,1068
38,21,2875
38,3,3553
38,20,9260
38,6,4134
38,23,4475
38,2,6282
39,20,2496
39,3,5581
39,2,4002
40,4,7224
40,5,9357
40,1,7596
40,23,9756
40,2,991
40,20,8059
40,10,5122
41,2,3532
41,23,1712
41,10,2794
41,3,5387
41,6,9359
42,23,8801
42,1,2126
43,6,9844
43,5,1664
43,1,6740
44,5,5240
44,20,6046
44,4,1213
44,23,2179
44,3,2942
44,6,1266
44,1,6242
45,22,543
45,10,3035
45,3,4440
45,1,1233
45,21,9022
45,2,5399
46,6,6833
46,21,2334
46,1,2934
46,23,7801
46,10,2147
47,1,7781
47,21,4052
47,23,3150
47,3,6586
48,3,6259
48,1,3432
48,20,2089
49,20,2302
49,1,5694
49,2,9059
49,5,8569
49,10,184
49,6,3349
50,6,1648
50,23,9161
50,5,5025
51,10,2237
51,21,9793
51,23,3630
51,3,8340
51,22,8975
51,4,6326
51,1,7403
52,10,753
52,22,9766
52,21,8785
52,23,9817
52,20,6703
53,2,6620
53,22,6321
54,20,8404
54,3,7681
54,23,2623
55,22,9147
55,23,3667
56,10,4435
56,6,5418
56,5,4508
56,1,889
56,3,5278
57,6,6723
57,1,8543
57,21,1121
57,20,8428
57,2,9409
58,10,8185
58,21,1865
58,3,3949
58,20,3475
58,6,2467
58,2,497
59,2,3097
59,1,149
59,20,7161
60,5,9490
60,20,4577
60,22,4659
60,6,129
61,3,1765
61,4,965
61,22,9569
61,2,6280
62,23,3111
62,6,8953
62,21,4257
62,22,487
62,20,6760
63,3,8226
63,5,2927
63,20,4882
64,6,4469
64,10,2812
65,22,8252
65,10,5935
65,5,4097
65,21,4308
66,3,3809
66,10,5715
66,5,3635
66,21,7594
66,2,876
66,20,4479
66,6,5767
67,2,8241
67,4,3330
67,20,3544
68,21,7135
68,4,3065
68,3,5409
68,2,7982
68,20,460
68,10,7514
68,6,9169
69,1,7262
69,5,4337
69,22,3401
70,2,9166
70,21,5689
70,4,3003
70,5,7345
70,1,9528
70,3,5155
70,10,3085
71,1,7021
71,6,3642
71,3,3216
71,21,1074
71,10,1415
71,22,3329
71,20,2839
72,10,6005
72,6,6762
72,21,3766
73,4,3475
73,3,108
73,1,7310
73,22,6042
73,23,8461
73,10,9452
74,1,718
74,2,4883
75,10,8366
75,4,8642
75,20,2614
75,1,1999
76,21,3803
76,23,8492
76,6,1534
76,2,2718
76,22,6919
76,4,7275
76,5,1725
77,1,9433
77,23,5578
77,3,369
77,4,8655
77,22,5149
77,21,1092
77,20,7001
78,21,5224
78,20,8384
78,22,9344
79,4,4215
79,2,9348
80,2,2609
80,22,6461
80,5,3056
81,22,6180
81,23,5410
81,21,2330
81,10,2160
81,1,8873
82,20,7964
82,4,7847
82,22,9829
82,1,6518
82,3,6710
82,6,3025
83,23,4580
83,10,7651
83,22,6461
83,20,5637
83,21,2424
83,3,6174
84,20,1297
84,6,9838
84,23,2428
85,2,467
85,1,1889
85,20,8472
86,3,3926
86,5,4511
86,2,4725
86,1,3398
87,1,330
87,3,9481
87,22,261
87,23,6594
87,5,959
87,4,7273
88,1,1216
88,22,7467
89,3,2473
89,5,5219
89,20,8912
90,5,9841
90,23,1877
90,2,2686
90,1,2893
90,6,1329
91,2,8692
91,1,1977
91,20,1876
91,5,2592
91,4,8648
92,20,201
92,4,8258
93,21,9436
93,2,1712
93,1,5766
94,5,2410
94,20,376
94,21,8391
94,1,565
95,23,5472
95,5,8236
95,22,9598
95,2,3152
95,6,9941
96,6,2663
96,22,8258
96,1,2086
96,21,4341
96,2,2683
97,10,5607
97,2,5861
97,6,3812
97,22,8398
97,20,1668
97,4,107
98,21,7939
98,1,2796
98,22,4372
98,3,1015
98,23,8850
98,6,1906
98,10,9707
99,3,8948
99,5,4612
99,1,5252
99,4,4831
99,2,5676
99,20,6017
99,6,4627
100,2,2754
100,6,4863
101,21,9881
101,23,9912
102,3,6293
102,5,6593
102,6,3314
102,20,5770
103,6,1161
103,1,7309
103,5,469
103,4,7740
103,20,5183
103,3,1348
104,2,9095
104,5,6713
104,22,4581
104,21,8695
104,20,4417
104,3,3477
105,20,7713
105,2,7439
105,5,3902
105,23,7439
105,6,213
105,3,7097
105,22,4943
106,1,4697
106,5,1090
106,10,702
107,5,3571
107,1,7121
107,6,4577
107,23,4063
108,4,7387
108,1,5842
109,22,5490
109,1,6780
109,2,4889
110,21,8623
110,4,118
110,1,4485
111,2,3143
111,20,4620
111,23,211
111,10,1264
111,6,2459
111,21,2732
112,20,7834
112,2,9667
112,21,1803
112,5,5059
112,1,4585
112,4,6612
113,10,5419
113,23,2054
114,2,1589
114,22,9749
114,23,2010
114,6,2602
114,3,6033
114,5,1268
115,4,1753
115,2,4146
115,5,9087
115,20,5256
116,2,9782
116,23,9968
116,21,686
117,22,3600
117,2,3757
117,3,5822
118,20,2389
118,22,1124
118,10,2153
118,4,8400
118,5,2012
118,21,3990
119,22,2388
119,3,3334
119,1,7909
119,23,4352
119,21,6588
120,23,5948
120,20,8758
121,2,1672
121,1,5730
121,23,9332
121,20,119
121,10,3469
121,6,3263
122,4,4431
122,20,8662
122,23,3013
122,2,1588
122,1,7913
122,22,2096
122,5,481
123,2,2517
123,10,6722
123,22,4880
123,3,4465
123,1,9890
123,4,1065
123,20,1893
124,21,3932
124,23,4929
124,1,544
125,4,5319
125,1,530
125,23,7953
126,3,2688
126,2,3240
126,5,2985
126,23,7010
126,22,2441
127,3,7580
127,5,7385
127,22,2224
127,1,5828
127,10,1988
127,20,822
128,6,931
128,21,2547
128,3,9395
128,4,6051
128,22,6393
129,6,1436
129,22,5547
129,5,5326
129,4,6063
130,2,1507
130,20,887
130,6,4524
130,1,2283
130,3,8873
130,4,8073
130,10,4485
131,20,4376
131,21,8890
132,5,1438
132,21,2588
133,22,5720
133,2,2289
133,20,3867
133,6,7307
134,20,7078
134,6,9729
134,21,8922
134,5,1634
134,23,4193
134,3,4260
134,1,7839
135,3,9296
135,5,6244
135,20,4100
136,23,451
136,4,4168
136,3,9649
136,22,6785
136,20,6912
136,10,5640
137,6,842
137,4,1779
138,22,469
138,10,137
138,6,4283
138,2,6473
138,23,1906
138,21,6004
139,2,3303
139,1,6810
139,6,1209
140,21,8329
140,5,7800
140,20,2331
140,22,3245
140,2,1088
140,23,1640
140,3,9011
141,1,9978
141,2,8903
141,3,6114
141,4,6054
141,22,1641
141,20,7968
141,5,4875
142,22,5726
142,6,389
142,1,7388
142,21,463
142,23,3135
142,5,131
143,5,1122
143,22,9349
143,20,9223
143,10,1109
143,4,9007
143,21,9802
144,23,4483
144,22,4168
144,10,2863
144,20,9659
144,6,929
144,2,6996
145,2,8994
145,3,799
145,5,8460
145,10,5187
146,2,5416
146,1,9906
146,10,9061
147,6,3225
147,20,432
147,4,6486
148,20,9091
148,6,6547
148,3,1838
148,2,8563
148,23,892
148,5,9854
149,1,8587
149,6,7041
150,5,6141
150,2,9719
150,4,442
150,23,3322
150,10,6112
150,3,7320
151,5,244
151,23,2194
151,22,6320
151,1,9628
152,6,8150
152,10,6491
152,22,1684
152,5,5365
152,3,422
153,4,3400
153,10,1753
153,1,5110
154,10,612
154,2,7281
154,5,2550
155,3,203
155,22,9221
155,4,9075
155,20,7657
155,5,1570
156,1,2713
156,21,6308
156,23,8879
157,1,7790
157,5,4900
157,3,4001
157,21,5711
158,1,2891
158,23,6555
159,10,5044
159,23,9538
159,20,2156
159,5,3959
159,1,5673
159,21,1200
159,4,7851
160,2,4928
160,23,1961
161,20,6343
161,10,7265
161,1,3815
161,4,4174
161,22,3765
161,6,7769
162,3,3741
162,6,5562
162,10,6244
162,20,9958
162,4,7621
162,21,9915
162,23,8068
163,5,3317
163,22,1415
163,6,2200
164,3,9265
164,10,8860
164,6,6174
164,23,325
165,1,2963
165,5,3462
165,23,9540
165,2,969
165,20,1773
166,1,3809
166,23,632
166,22,7277
167,4,5565
167,10,8635
167,22,4933
167,3,3403
167,23,569
167,6,3506
167,1,9516
168,21,6186
168,10,5689
168,20,8246
168,4,9548
168,6,5736
169,22,1826
169,2,8682
169,20,995
170,21,1675
170,2,6782
170,20,6970
171,1,498
171,6,3303
171,10,6310
171,22,1589
172,5,8969
172,3,9254
173,3,7746
173,22,7216
173,23,2004
174,10,3473
174,2,1232
175,4,4275
175,23,1639
175,22,9599
175,1,2952
175,20,878
175,21,2286
176,10,3717
176,3,9396
176,21,1814
176,4,9295
176,20,3245
176,22,4780
177,23,3473
177,4,4798
177,5,9322
177,10,9973
178,23,7137
178,6,9885
178,4,4382
179,1,2924
179,6,6643
179,5,5233
179,10,140
179,4,6143
179,23,6567
179,21,2036
180,3,614
180,6,4157
181,22,3155
181,5,2957
181,21,4704
181,3,4976
182,1,8677
182,3,2208
182,22,8510
182,2,6154
182,23,2512
183,23,7540
183,20,7576
183,10,5838
183,6,7827
183,21,3845
183,4,4306
183,1,3016
184,6,5233
184,2,8165
184,21,440
184,5,7538
185,20,6707
185,3,2588
185,2,7226
185,23,9030
185,6,5615
185,4,2822
185,5,114
186,5,8513
186,10,9755
187,1,8481
187,4,6845
187,5,1416
188,2,3472
188,23,186
188,5,1032
189,3,1711
189,5,2150
189,4,1881
189,6,4148
189,23,3167
190,2,8817
190,6,6873
190,22,4270
190,5,965
191,2,4398
191,20,1051
191,5,3111
191,22,6136
191,21,5347
191,3,8361
192,22,2684
192,3,9573
192,10,7955
192,4,5628
193,20,2616
193,5,1021
193,4,8470
193,2,1324
193,21,6102
193,23,9712
194,1,4867
194,2,7825
194,10,4928
194,6,7496
194,23,3655
195,10,1184
195,2,9872
195,1,2297
195,3,3486
196,21,8018
196,1,4607
196,5,4744
196,2,9644
197,1,743
197,4,8532
197,5,1992
197,22,3119
198,2,6091
198,20,5025
198,10,2622
198,1,3671
198,6,345
198,4,4419
199,6,9479
199,23,6606
199,22,7241
199,4,5747
199,21,7431
199,1,6407
199,5,2154
200,3,6451
200,2,3390
200,5,7474
200,21,1045
200,10,4765
200,4,4447
200,1,4347
201,5,746
201,10,9448
202,1,3322
202,20,6311
202,4,7704
202,6,3912
202,3,8929
202,2,3884
202,22,4251
203,1,2253
203,22,9303
203,3,5617
203,5,808
203,6,270
203,20,8142
203,10,2062
204,4,2586
204,23,2419
204,6,652
204,3,8419
204,5,4677
205,21,5047
205,3,204
205,4,8635
206,3,252
206,1,3640
206,20,6706
207,1,9590
207,20,1897
207,6,5927
208,6,7107
208,5,8424
208,10,2192
208,20,3585
208,22,1381
209,1,1723
209,23,7423
209,2,7280
209,21,1364
209,6,8575
210,5,388
210,3,8483
210,20,3669
210,2,1870
210,6,704
210,21,209
211,3,2946
211,2,8095
211,22,8026
211,4,4426
212,2,7850
212,6,9904
212,20,5118
213,10,7097
213,23,4966
213,2,360
213,20,9330
214,20,6720
214,2,6075
214,1,8153
214,22,4305
214,4,3811
214,21,8408
214,3,5323
215,1,5839
215,23,2974
215,4,384
215,6,1600
216,3,6360
216,22,6043
217,10,4517
217,23,7727
217,3,6476
217,22,3899
217,6,5276
217,20,3979
217,1,7225
218,6,2696
218,22,1648
219,10,2904
219,20,9351
219,4,1901
219,1,7294
219,2,2995
219,22,2203
219,5,430
220,3,5497
220,20,3264
220,1,235
220,23,4969
220,21,1139
220,5,3602
220,6,9312
221,23,9972
221,22,1069
221,2,3056
221,5,5220
222,20,4319
222,4,427
222,6,5498
223,21,7953
223,22,5621
223,20,6038
223,2,1292
223,4,9572
224,5,6022
224,23,4600
224,20,8352
224,4,9367
224,1,3004
224,10,5351
224,6,812
225,23,4001
225,4,1222
225,5,4987
225,3,9203
225,6,1865
225,21,8162
225,1,8086
226,20,5898
226,5,3320
226,1,9320
226,21,6983
226,22,3401
226,3,3761
227,20,9582
227,21,2928
227,10,4004
227,5,7554
227,1,3486
227,23,806
227,22,9652
228,6,3288
228,3,9865
228,21,6025
228,22,4093
228,2,3330
228,1,8296
229,10,2441
229,5,3200
229,1,9560
229,3,493
229,22,4519
229,23,1410
230,1,369
230,4,9094
230,3,9828
230,21,9490
230,2,5895
230,5,8750
231,23,117
231,5,292
231,6,1312
231,2,4673
231,3,3025
231,10,8891
232,5,1748
232,1,7049
232,23,3249
233,22,4865
233,10,6512
234,22,8424
234,1,5198
235,4,830
235,1,6787
235,23,6936
235,6,2984
235,10,7722
236,10,8457
236,22,4660
236,20,2242
236,5,594
237,3,4229
237,2,1193
237,4,7766
237,5,3665
237,10,7245
238,6,6630
238,5,4391
238,22,1702
239,10,3227
239,22,3091
239,21,5485
239,3,1529
239,4,474
240,3,3171
240,5,9407
240,2,1357
240,22,3895
240,20,2048
240,21,4762
240,10,6140
241,20,1971
241,4,1398
241,6,5231
241,5,514
242,23,3204
242,6,3326
242,5,5915
242,3,8489
242,10,340
243,2,6389
243,3,4733
244,5,4486
244,20,7788
244,6,2492
244,3,738
244,4,9957
244,21,6651
245,2,7813
245,1,7804
245,6,218
245,5,9054
245,3,3321
245,20,1977
246,20,8453
246,1,4665
246,2,7550
247,5,2483
247,6,3069
247,4,7896
248,1,3804
248,4,2023
248,22,9604
248,2,2150
249,23,9304
249,5,5527
249,6,3417
249,10,5184
250,5,7148
250,22,6878
250,6,6986
251,10,2865
251,2,8963
251,22,7490
251,6,4137
251,4,490
252,21,6426
252,22,551
252,4,3525
252,5,2838
252,2,2252
253,6,7440
253,4,9816
254,10,8556
254,21,3571
254,22,4878
254,1,7397
254,4,9128
254,23,3134
254,6,8585
255,1,3389
255,20,4697
256,5,2976
256,1,2912
256,10,8506
256,4,8775
257,3,1302
257,21,470
257,5,8607
257,2,6481
258,10,4424
258,20,512
258,6,3149
259,20,4962
259,6,8696
259,10,4705
259,1,6965
259,4,9321
259,23,1351
260,5,5942
260,10,1090
260,21,8788
260,4,6160
260,1,7052
261,6,1963
261,23,7441
261,20,5786
262,5,7674
262,6,5811
262,3,6859
262,1,1245
262,21,800
262,4,5497
263,21,9330
263,22,2678
263,10,4725
263,5,3685
263,1,2187
264,5,2612
264,6,113
265,3,8528
265,10,9584
266,3,7339
266,22,517
267,21,3496
267,22,7094
268,6,2680
268,20,8239
268,10,1636
268,5,1742
268,1,4257
269,2,6360
269,23,3591
269,21,7527
269,4,1359
269,3,6976
269,1,6336
269,10,7044
270,6,4790
270,20,7867
270,22,7685
270,10,6336
271,10,9557
271,3,8906
271,6,9409
271,23,2107
271,1,5747
271,20,827
272,3,8067
272,21,3958
272,5,6161
272,20,3548
272,23,1983
273,10,6274
273,5,6397
273,1,1772
273,3,6629
273,22,6762
273,20,3230
273,21,3067
274,21,972
274,6,1159
274,20,7093
274,2,807
274,5,6209
275,20,6746
275,1,2808
275,21,1441
276,5,2448
276,1,8554
276,6,2387
276,21,2612
276,23,2591
276,3,6398
276,10,7557
277,23,7803
277,2,7671
277,6,9343
277,3,6155
278,6,4381
278,21,971
278,23,7868
278,10,6338
279,1,6386
279,21,6276
279,2,8302
279,6,1786
279,4,1257
280,5,8004
280,4,4872
280,22,789
281,23,7515
281,20,1882
281,6,4655
281,2,9602
281,1,2955
281,22,548
281,21,7946
282,3,662
282,6,3515
282,22,8156
282,23,599
283,20,8880
283,5,8174
284,10,5631
284,3,8121
284,21,4924
285,3,7678
285,23,8316
285,2,6104
286,2,2896
286,20,5239
286,21,5561
286,6,6670
287,22,5029
287,23,755
287,20,9140
287,21,264
287,10,4724
288,5,8078
288,1,8491
288,2,4878
288,21,3568
289,10,6591
289,23,885
289,20,5668
290,10,6760
290,20,9625
290,1,9122
290,23,2308
290,4,8919
290,21,8639
291,22,2474
291,21,2318
291,3,6076
291,1,1400
291,10,9722
291,5,9287
292,1,989
292,20,7039
292,2,7579
292,6,7508
292,4,9072
292,22,9138
293,2,7253
293,10,8838
293,22,1476
293,21,9002
294,20,9387
294,22,327
294,1,169
294,5,3793
294,4,3491
295,20,1952
295,4,5458
295,2,6221
296,20,9227
296,3,9859
296,6,8437
296,23,5918
297,4,4940
297,21,1308
297,5,6233
297,10,2608
298,3,8732
298,6,959
298,21,1206
298,20,7775
299,4,8928
299,23,8496
299,21,4422
299,3,5848
300,6,9920
300,1,3517
300,10,3029
301,1,4186
301,2,2535
301,6,7721
301,5,7292
301,3,167
301,10,5328
301,21,6369
302,22,6966
302,6,1551
302,3,7300
302,2,6784
302,4,6991
303,5,8763
303,20,896
303,2,3270
303,21,9412
303,3,2658
303,4,6618
303,1,679
304,5,6802
304,21,1096
305,2,2206
305,10,9718
305,3,6858
305,21,7976
305,6,4700
305,5,7057
306,2,708
306,6,7518
306,3,1037
307,5,6689
307,3,1386
307,22,9567
307,6,1272
307,1,9237
307,21,9803
308,5,7101
308,2,5220
308,20,2622
308,23,1665
309,22,4845
309,3,4783
309,5,4417
310,6,3908
310,4,172
310,20,2149
310,1,6993
311,3,4798
311,22,1509
311,6,8992
311,4,5756
311,5,5243
312,4,2381
312,5,1680
312,23,883
312,2,1130
313,3,7768
313,23,8527
313,20,6746
313,4,3304
313,10,9442
314,20,7948
314,10,2390
314,6,478
315,21,2987
315,5,422
316,21,5667
316,3,6387
316,6,5382
316,2,6579
316,1,5956
316,22,6254
316,5,9887
317,23,8714
317,6,4374
317,20,2756
317,4,7703
317,21,6411
317,2,5218
318,22,4958
318,3,6115
318,20,3915
319,6,765
319,20,9978
319,10,6267
319,2,4321
319,3,1576
319,1,2549
320,10,8616
320,2,8361
320,4,4162
320,1,6101
320,5,8730
321,20,4617
321,1,8088
321,5,6191
321,10,2077
322,22,6201
322,20,713
322,6,216
323,21,3454
323,6,5757
323,23,9582
323,22,6261
323,1,304
324,5,2195
324,22,7804
324,4,875
324,2,5006
325,21,9993
325,5,9894
325,20,1701
325,4,4286
325,10,6388
325,22,5827
325,1,9522
326,4,4239
326,5,5737
326,3,8983
326,2,7993
327,3,5742
327,21,6850
327,1,4190
327,4,3468
327,20,9223
328,6,3295
328,22,3976
328,3,359
328,1,6680
328,21,1461
328,20,3015
329,20,3533
329,6,9189
329,22,187
329,21,4226
329,23,2495
329,10,7595
330,2,9103
330,5,4204
330,21,1258
330,3,2570
330,10,3773
330,20,9442
330,6,4609
331,20,2813
331,6,1615
331,2,9146
331,1,4971
331,22,6950
332,3,9298
332,20,4172
332,6,4296
332,21,3916
332,23,3253
333,2,1619
333,22,367
333,5,3797
333,3,2596
333,23,971
333,21,3716
334,4,3247
334,2,1874
334,10,4071
335,22,8126
335,6,1593
335,4,4710
335,23,7430
336,10,9934
336,3,8868
336,20,7744
337,23,7269
337,4,8875
337,5,9663
337,21,7432
337,2,2376
338,2,5704
338,4,5175
338,20,2189
339,23,1826
339,3,2344
339,2,2176
339,10,4899
339,5,8526
339,21,3792
340,4,7089
340,5,6327
340,6,2987
340,22,6824
340,10,2923
340,23,7991
340,3,999
341,21,1423
341,10,7234
341,23,6834
342,10,1760
342,20,4759
342,22,682
342,4,3652
342,2,957
343,21,9693
343,22,676
343,20,2955
343,2,9191
343,10,6515
343,6,5462
344,10,4022
344,22,8100
344,4,8314
345,5,4053
345,21,6078
346,10,7698
346,20,5477
347,4,9625
347,5,3671
347,20,2968
347,10,9738
347,21,2314
348,23,9072
348,6,1964
348,4,7267
348,20,5397
348,10,1053
349,2,1856
349,10,7880
349,23,2837
349,21,6475
349,1,4480
349,4,5755
349,5,6578
350,22,142
350,21,6788
350,20,8211
350,2,7918
350,1,9643
351,4,5895
351,22,4166
351,3,3197
351,1,8108
351,23,8622
351,10,5136
352,4,2046
352,5,2834
352,3,7817
352,22,4215
352,2,1439
352,10,1739
352,1,6319
353,10,5291
353,22,449
354,3,1486
354,22,5681
354,6,737
354,5,9188
355,22,3424
355,6,9124
355,1,1430
356,20,6837
356,6,3342
356,1,1773
357,6,5225
357,22,7647
357,4,7976
357,21,1717
358,5,9681
358,21,7261
358,22,8415
359,20,5668
359,1,1592
359,4,3592
359,22,8956
359,23,9428
360,10,6441
360,1,3008
360,22,9111
360,20,5963
360,4,2686
360,21,945
360,3,7609
361,20,1316
361,23,2953
361,1,3812
361,22,3230
362,4,4423
362,2,120
362,10,7278
362,1,8455
362,20,8565
363,5,3767
363,21,5582
363,6,5797
363,20,7913
363,3,6251
364,21,1017
364,4,3836
364,22,3060
364,2,4504
364,5,1446
365,23,4947
365,5,6831
365,20,9232
365,1,6537
365,3,3925
365,4,200
365,21,8641
366,2,3260
366,23,9735
366,21,2669
366,3,2099
367,21,455
367,23,7533
367,22,5202
367,4,9295
367,20,1342
367,5,4915
367,10,991
368,6,3714
368,1,9651
368,5,281
368,20,1404
368,2,1897
368,22,1236
369,20,8707
369,3,3885
369,23,8316
369,5,1908
370,21,7621
370,5,6111
370,4,4210
370,22,9321
370,3,8571
370,10,2881
371,1,1621
371,2,4572
371,20,1505
372,3,8780
372,1,156
372,21,1132
373,6,6665
373,22,967
373,10,7757
373,1,7442
374,21,8077
374,10,840
374,20,958
374,6,2538
374,4,542
375,1,1801
375,23,6521
375,4,2705
375,6,1476
376,6,4587
376,10,6309
376,2,7312
376,1,828
376,22,8172
377,6,524
377,3,2200
377,20,4077
377,4,4761
378,6,2412
378,23,395
378,21,6521
378,3,8174
378,20,588
379,23,3979
379,21,7634
379,1,2947
379,20,5956
379,10,689
380,20,9228
380,23,1756
380,2,7828
380,6,5764
380,3,2283
380,4,6186
381,3,8469
381,5,5973
381,4,5894
381,23,3623
381,21,1242
381,20,2826
381,10,5605
382,22,8900
382,3,7396
382,10,2591
383,21,4365
383,3,162
383,2,8115
383,5,2147
384,21,4573
384,1,7500
384,10,3246
384,2,9870
384,6,1460
384,5,143
385,2,3577
385,23,9482
385,20,5788
385,5,2844
386,6,6232
386,2,8237
387,2,7434
387,23,7094
387,10,2322
387,22,5239
388,22,8288
388,20,6503
388,23,3563
388,21,1690
388,2,849
388,4,5909
388,5,6890
389,3,1612
389,10,4464
389,6,8865
389,20,9451
389,2,5261
390,22,194
390,10,5818
390,3,481
390,6,1722
390,1,2720
390,2,3885
391,6,9372
391,2,738
391,21,2182
391,22,6932
391,10,8926
392,22,9196
392,3,2586
392,1,7046
392,2,6070
393,21,8575
393,6,5082
393,22,3043
393,4,4389
394,20,1040
394,5,5293
394,2,6612
394,23,6221
395,21,764
395,2,1061
395,22,157
395,4,5441
395,20,7033
395,10,1923
396,22,3098
396,21,7875
396,20,457
396,2,5665
396,4,1765
397,22,5868
397,4,9362
397,23,5628
397,21,2557
398,5,2848
398,23,1063
398,2,2836
398,3,5172
398,22,8218
399,21,7716
399,2,2547
400,20,8041
400,10,626
400,5,5761
400,22,5751
400,1,5579
401,2,5635
401,5,744
401,6,1771
402,1,6731
402,2,6775
402,21,8262
402,5,7707
402,10,3536
403,21,3395
403,10,1878
404,20,841
404,5,8815
404,6,1000
405,6,7996
405,21,4213
405,3,9863
405,10,3967
405,23,8738
405,5,8952
406,6,1427
406,3,6410
407,1,8865
407,6,8536
408,22,5655
408,20,1735
408,10,9104
408,21,3881
408,6,6536
408,1,4911
409,4,5783
409,23,7031
409,10,336
409,21,856
409,22,4310
410,10,2074
410,2,5533
410,6,8443
411,20,2203
411,3,5655
411,6,1016
411,21,9715
411,22,1701
412,4,6196
412,3,5406
412,20,9484
412,6,7856
412,10,4678
412,21,4250
413,21,2985
413,20,7946
413,5,5185
414,23,3093
414,6,145
414,4,3521
414,20,2863
415,2,2587
415,22,4654
415,1,8066
415,3,1648
415,4,9530
415,6,8200
415,10,4691
416,21,2628
416,10,3048
417,22,521
417,21,1045
417,20,9981
417,6,649
417,10,8284
418,23,3049
418,3,6191
419,2,3689
419,5,9229
419,6,3578
419,10,574
420,5,9255
420,10,8975
420,21,8820
420,4,4615
420,6,9791
421,1,3834
421,5,8074
421,6,9626
422,21,8853
422,22,794
422,1,1767
423,2,1596
423,4,5353
424,4,7485
424,3,7904
424,23,4049
425,6,7137
425,23,3571
425,2,421
425,10,2259
426,3,3201
426,22,2735
426,1,4533
427,20,476
427,4,6236
427,22,7574
427,23,4750
428,4,4936
428,5,6220
428,10,2483
428,2,8259
428,23,5446
428,21,7276
429,23,5801
429,4,103
429,3,3146
429,21,752
430,10,8615
430,1,1855
430,5,7213
430,23,2540
430,2,6916
431,5,5433
431,3,4761
431,10,9322
431,21,2795
432,6,2709
432,20,8044
432,22,7015
432,2,993
432,10,3155
432,21,2256
432,1,5972
433,10,1935
433,4,6501
433,20,6997
433,22,4751
433,6,9582
434,4,5637
434,6,2958
435,10,6578
435,1,4452
435,4,7882
436,2,6768
436,1,3816
436,5,3695
436,6,6534
436,4,9575
436,23,4078
437,5,2248
437,4,1239
437,23,9913
438,23,5837
438,2,6967
438,6,8167
439,21,3227
439,10,9253
439,20,5117
439,2,9316
439,3,3934
439,22,8590
439,4,8656
440,20,5967
440,21,1593
440,23,3180
440,5,654
440,22,2181
441,5,7084
441,3,2733
441,2,9561
441,20,9756
441,21,8200
441,4,7656
441,1,1822
442,1,7493
442,5,2986
442,3,3712
442,10,9204
442,23,5280
442,2,8930
442,21,8669
443,1,3209
443,5,2035
443,21,4825
443,2,8264
443,6,3960
443,10,241
443,22,4897
444,6,5323
444,1,4984
444,2,3220
444,5,3096
444,20,7865
445,20,5792
445,4,3690
445,3,7512
445,1,3038
445,21,7963
445,10,6877
446,21,7176
446,1,1246
446,20,7135
446,5,819
446,4,9390
446,2,2173
446,10,8250
447,23,2043
447,22,5087
448,5,5069
448,22,5992
448,3,7147
448,1,6924
448,23,4836
449,2,6634
449,4,8263
449,22,8200
449,21,2430
449,23,4419
450,2,5792
450,3,6602
450,23,844
450,20,5054
451,2,2496
451,1,5049
452,3,5127
452,1,2872
452,23,675
452,4,6339
452,10,1393
453,10,9204
453,22,9643
454,22,4393
454,20,8480
454,23,3103
455,20,7216
455,4,6688
455,23,990
455,3,9916
456,1,9212
456,4,7425
456,23,2979
456,5,7532
456,20,8638
456,22,8163
456,3,928
457,10,5114
457,6,8011
457,4,2057
458,1,9832
458,6,1474
458,5,6398
458,2,1479
458,22,7283
458,3,6180
458,10,3739
459,4,6982
459,22,5407
459,2,1487
459,10,6278
459,20,5779
460,1,8481
460,10,1432
460,23,8555
460,6,971
461,5,3734
461,4,7163
461,10,1333
461,6,9282
461,20,710
461,22,3141
462,10,3555
462,21,6874
462,2,1799
462,5,6453
462,3,3678
463,6,3484
463,5,7188
463,10,8806
463,20,7567
463,4,8767
464,2,5515
464,20,4005
464,5,5948
464,22,764
465,21,7768
465,4,9173
465,2,627
466,4,4782
466,10,7658
466,1,9063
466,6,3249
466,23,5305
466,22,9280
466,2,4641
467,10,5195
467,23,430
468,6,5708
468,3,5886
468,10,8299
468,21,5433
468,2,8250
468,20,3748
468,5,5389
469,21,3433
469,6,4746
469,1,5482
469,20,9777
469,4,6259
469,22,7910
470,21,2740
470,6,3949
470,23,8121
470,3,9556
470,5,6872
471,23,9318
471,6,5417
471,21,8217
471,22,5365
471,4,1080
471,1,2567
472,3,7562
472,5,6938
472,20,9076
472,4,1057
472,1,9451
472,21,2352
473,4,5755
473,1,7189
473,22,4426
473,3,3747
473,20,552
473,2,7144
474,22,3087
474,4,3064
474,3,3968
474,5,8267
474,21,3606
474,6,2305
474,20,9080
475,20,2868
475,10,8189
476,1,2524
476,2,415
476,10,9653
476,4,652
477,22,7950
477,20,2496
478,2,3190
478,10,7153
478,5,4090
478,23,7526
479,23,2565
479,22,4333
479,5,6281
479,10,4192
479,3,2242
479,6,2519
480,21,1688
480,22,8129
480,20,4500
480,6,8035
480,10,8689
480,1,8189
481,1,2588
481,10,7370
481,21,9307
482,23,1159
482,10,2361
483,5,5574
483,2,9671
483,20,608
483,23,1582
483,21,7163
483,6,6345
484,21,9465
484,4,158
485,22,8686
485,23,6192
486,4,5129
486,1,9973
487,4,5484
487,2,9140
487,6,864
487,22,9869
487,10,2988
488,23,3783
488,10,2406
488,20,7500
489,2,322
489,22,3977
489,5,7348
489,20,6099
490,4,1270
490,10,965
490,22,6073
491,2,252
491,5,3899
491,21,5935
491,6,2138
491,1,7459
491,4,8712
491,23,6453
492,2,5097
492,4,7874
492,1,7768
492,10,2647
493,2,5941
493,22,3494
493,10,1067
493,23,2895
493,6,6573
493,3,6334
494,20,6624
494,10,1914
495,23,5931
495,2,6401
495,1,2289
496,3,8499
496,2,155
496,6,7733
496,22,9490
496,10,2079
496,5,7032
497,22,4241
497,1,636
497,23,6332
497,4,6975
498,5,4778
498,1,969
499,20,7051
499,23,6238
499,4,4484
500,1,549
500,2,4372
500,6,8615
501,3,3074
501,1,925
501,20,3613
502,3,6030
502,22,439
502,1,1502
502,5,7049
503,1,4929
503,3,3937
503,23,141
503,4,4185
503,10,7511
503,20,1932
503,2,5369
504,5,5536
504,10,9667
504,21,8329
504,6,8698
504,1,3152
504,2,1075
504,3,9142
505,23,5208
505,2,4131
505,1,8861
506,21,4996
506,22,3142
507,4,4614
507,2,8710
507,20,9161
507,6,5821
507,22,3603
507,3,3291
507,1,597
508,2,6088
508,10,381
508,4,5401
508,6,8638
508,5,6921
508,22,3679
508,20,6392
509,22,4412
509,10,1413
509,2,6128
509,20,6453
509,6,3828
509,23,7134
510,5,1192
510,10,3649
510,21,8550
510,1,3919
511,22,3157
511,10,3205
511,6,319
511,23,9239
512,4,446
512,20,8741
512,6,671
512,2,1146
512,1,6207
513,5,7879
513,20,7151
513,3,3669
513,2,8065
514,2,5478
514,3,2973
514,6,2867
514,1,9617
514,4,3306
514,20,5752
515,22,5615
515,6,1472
515,4,2381
515,20,8120
515,21,520
515,2,1621
516,21,3485
516,3,5980
516,4,3335
516,20,5207
516,22,3990
517,22,289
517,5,8614
517,3,2648
517,4,3572
517,10,5107
517,6,6860
518,4,5133
518,10,2996
518,3,834
518,21,5687
518,1,3567
519,22,3894
519,1,9616
519,20,7835
520,1,9507
520,2,2804
521,4,9067
521,1,1092
521,6,8392
521,10,9320
522,4,7702
522,2,6744
522,23,6521
522,22,816
522,10,4547
522,1,1523
523,22,9624
523,6,1790
523,2,5626
523,20,9548
524,2,8611
524,22,6570
524,1,5016
524,10,6996
524,3,8964
524,4,8248
524,21,7730
525,1,5251
525,20,6339
525,23,510
525,6,3794
525,3,874
526,6,8039
526,23,8079
526,4,5767
526,1,4779
526,20,3955
526,22,3288
526,2,1915
527,20,3145
527,21,6814
528,20,411
528,3,2578
529,20,8731
529,3,3628
529,23,8041
529,22,8553
529,4,6965
529,2,3130
530,3,5184
530,20,3839
531,5,8741
531,4,7317
532,2,3108
532,10,6594
532,23,2630
532,22,6785
533,2,721
533,23,7869
533,6,1406
533,22,3663
533,5,2167
534,23,8763
534,2,6313
534,20,4104
534,3,3676
535,6,3071
535,22,7635
535,21,4350
535,3,9125
535,20,8654
535,1,7409
536,20,4324
536,10,8425
536,1,5657
536,22,4071
537,5,3401
537,3,7237
537,2,1575
538,23,9674
538,1,9519
538,22,6502
538,6,758
538,5,965
538,4,2624
538,3,4057
539,21,6708
539,23,3498
539,5,4566
539,1,8817
539,22,4884
539,20,4954
540,23,7370
540,2,3337
540,20,5042
540,4,3088
540,21,8594
540,5,1379
540,6,6427
541,10,8656
541,3,6861
542,23,5079
542,20,7537
542,5,2199
543,2,9830
543,4,7217
543,1,9226
544,1,6507
544,21,7483
545,1,5056
545,6,8463
545,22,7694
545,3,4975
545,23,3847
545,4,2128
545,5,6802
546,2,3048
546,4,4239
546,20,1126
547,2,8574
547,5,7606
547,3,7087
547,22,7841
547,6,4924
547,20,7113
547,10,8039
548,21,1981
548,22,7394
548,3,7043
548,1,5030
548,23,2684
548,5,5653
548,10,9644
549,1,4617
549,5,7108
549,6,8059
549,20,4512
549,10,9681
549,4,7387
550,23,3173
550,20,2752
550,10,6454
551,6,9985
551,21,8598
551,20,9950
552,6,517
552,1,8241
552,22,4245
552,10,6439
552,20,8360
553,2,138
553,4,4961
553,10,6746
554,5,1954
554,4,4860
554,10,9334
554,20,9942
554,3,509
554,1,8908
555,20,2666
555,10,4752
555,5,720
555,6,9745
555,2,1093
555,21,5196
555,3,5336
556,20,6251
556,10,3620
556,1,5483
556,5,320
556,6,6861
556,23,5508
557,1,8342
557,5,5979
557,3,5226
557,2,9935
558,1,4140
558,4,6361
558,5,5419
558,2,8486
558,23,2270
558,21,1388
558,6,757
559,2,5857
559,22,8125
559,20,5268
559,5,4071
559,1,2763
560,4,1377
560,6,5745
560,5,2529
560,21,9555
561,20,9817
561,6,2209
561,5,1818
561,1,8102
561,22,1683
561,3,2431
562,2,8255
562,6,950
562,3,3483
562,5,3885
562,22,5090
563,20,1979
563,10,2246
563,1,9308
564,10,1359
564,21,1948
564,22,4133
564,20,8687
564,2,8656
564,3,352
564,23,2990
565,21,1657
565,23,7130
565,22,1763
565,6,5196
565,5,4917
566,2,4712
566,1,1560
566,22,7883
567,2,2711
567,22,7743
567,4,9154
567,21,5973
567,6,2151
567,10,6130
568,10,2449
568,3,8506
568,5,6502
568,6,6771
569,4,6802
569,6,7455
569,5,2482
569,10,6048
569,20,7901
570,21,2401
570,4,2884
570,2,4440
570,23,3609
570,20,6455
571,5,8784
571,22,2547
571,2,8818
571,6,4728
571,10,3018
572,23,9964
572,10,1977
572,1,468
572,5,4080
572,4,8891
572,20,2950
573,3,9684
573,10,3164
573,20,9918
574,1,4086
574,10,9360
574,5,7695
574,20,9449
574,21,7935
575,6,3014
575,3,9742
575,20,8423
575,23,1857
575,2,4191
576,1,9715
576,21,3396
576,20,6083
576,3,5404
576,2,9908
576,4,6497
576,5,6708
577,4,5728
577,6,7996
577,3,2338
578,6,4768
578,5,6469
578,4,1184
578,10,9743
578,3,7059
579,5,8837
579,6,8296
579,23,2839
579,3,8786
579,10,4480
579,2,9877
579,4,8693
580,3,3831
580,2,6317
580,10,9965
581,10,7297
581,1,3016
581,2,8593
582,5,9273
582,21,8755
582,4,7609
582,22,4026
582,10,3892
583,5,7960
583,3,2745
583,23,6363
583,1,5679
583,20,5071
583,22,1544
583,6,9563
584,3,8030
584,4,1012
584,5,4304
584,6,2592
584,21,4268
584,2,5338
585,5,8312
585,1,8727
585,10,6660
585,2,8310
585,6,3679
585,4,118
585,20,6638
586,5,1668
586,1,7664
586,4,8867
586,23,8070
587,1,1808
587,20,4909
587,10,5884
587,2,1890
587,3,6573
587,21,8624
588,10,5845
588,5,4822
588,2,8007
588,22,9178
588,23,3044
588,1,2562
588,21,4039
589,5,9042
589,4,7312
589,3,2449
589,20,9848
589,1,9544
590,23,7186
590,1,8711
591,3,4143
591,20,1173
592,3,2364
592,5,7191
592,20,6181
592,2,996
592,1,2316
593,6,2989
593,5,6539
593,4,8634
593,10,3508
594,23,6978
594,21,9378
594,6,6497
594,5,9649
595,6,6551
595,22,9521
595,20,8962
595,21,3130
595,10,3551
595,23,6291
595,2,7062
596,20,5600
596,1,2494
596,23,3708
596,3,8945
596,10,8255
597,6,5326
597,23,10000
597,5,6910
597,21,2788
598,22,9547
598,21,271
598,5,1823
598,10,3330
599,3,6440
599,1,6760
600,10,256
600,2,3444
600,21,1111
600,22,3280
600,5,9275
600,6,8221
600,3,1971
601,10,7005
601,4,1712
601,20,3388
601,21,5320
601,6,5883
601,3,8451
601,1,5937
602,20,5063
602,6,7607
602,21,8015
602,10,6196
602,23,2514
603,6,2625
603,3,7356
603,1,259
604,5,6235
604,4,5697
604,6,3176
604,2,9800
604,20,789
604,22,4562
605,5,2019
605,2,6482
605,21,2187
605,3,9199
605,6,5248
606,4,525
606,5,7732
606,3,2512
606,20,9446
606,1,8647
607,21,2377
607,5,3020
607,6,6061
607,20,2660
607,10,3061
607,22,5950
608,6,2935
608,10,8908
608,23,7353
608,21,8096
608,1,5920
608,2,1676
608,3,706
609,23,7149
609,21,5018
609,22,6537
609,10,3385
609,20,8449
609,3,4426
609,1,4096
610,23,1549
610,1,8468
611,6,7748
611,20,8272
611,5,992
611,4,7620
611,10,4485
612,10,7091
612,23,1486
612,5,144
612,22,7123
612,6,7263
613,22,6724
613,10,808
613,3,785
614,22,3726
614,1,4607
614,3,1961
614,23,7898
615,23,5338
615,2,4671
615,3,3692
615,6,9166
616,4,2499
616,1,8657
616,10,7777
616,3,1210
617,2,8163
617,21,414
617,23,7358
617,6,9049
618,10,6869
618,23,6761
618,2,8443
618,22,7828
618,3,7605
618,5,7878
618,6,7015
619,3,849
619,10,156
619,1,6593
619,6,1366
619,21,545
619,20,894
619,4,2904
620,2,8526
620,4,1932
620,5,122
620,20,8584
620,3,7622
621,20,3384
621,22,3105
621,4,4640
621,23,8990
621,2,9311
621,1,7404
622,23,9602
622,10,245
622,22,7973
622,5,4669
622,1,9162
622,3,5958
622,2,8948
623,3,2120
623,1,6839
623,21,380
623,6,8925
623,20,9516
623,10,8525
624,20,9193
624,21,6969
624,6,6865
625,20,9587
625,4,6410
625,22,8752
625,1,1922
625,3,5823
625,10,4398
625,5,7321
626,20,8380
626,3,1773
626,1,8418
627,23,7552
627,21,9920
627,5,4793
627,4,3537
627,3,6939
627,10,4369
627,2,1717
628,3,6785
628,23,8066
628,22,1216
628,2,3030
628,20,6065
629,2,8910
629,4,4880
629,23,6820
629,5,7962
630,4,8763
630,1,9716
630,22,9292
630,20,5195
630,5,6451
630,3,4751
631,3,1366
631,23,7592
631,1,8625
631,4,1026
631,21,8941
632,5,6928
632,21,3611
632,22,6352
632,23,4287
632,10,3391
633,2,247
633,3,6004
633,21,7321
633,22,6832
634,5,4978
634,1,5363
635,22,5786
635,2,2890
635,4,5023
636,21,9358
636,10,8038
636,20,2893
636,4,381
636,2,7113
636,1,9538
637,2,9268
637,4,3880
637,22,5731
637,5,1752
637,10,6113
638,1,5569
638,4,9524
638,20,3953
638,3,5821
638,5,1817
639,6,305
639,10,4221
639,3,8817
639,1,7648
639,2,6604
639,4,8263
640,5,303
640,2,5614
640,1,4460
640,6,4533
640,4,2129
641,4,4751
641,23,5320
641,22,5622
641,20,5620
641,21,4350
641,2,8317
641,10,3496
642,3,7127
642,22,7801
642,2,1554
642,6,3571
642,4,8800
642,10,2975
642,21,9349
643,3,6754
643,2,5327
643,6,2272
643,22,3284
643,1,8330
644,23,3873
644,10,2262
644,20,1191
644,1,505
644,21,1966
645,3,7551
645,23,7838
645,4,3035
646,10,430
646,1,9729
646,23,7548
646,6,4432
647,4,8289
647,10,9519
648,23,2022
648,3,180
648,20,4280
649,3,2392
649,21,3738
650,10,7702
650,2,9209
650,22,4085
650,5,1198
650,3,5189
650,23,2682
650,4,1059
651,4,6302
651,21,2443
652,1,2180
652,20,5965
653,10,7034
653,2,4820
653,21,7178
653,5,1565
653,1,1126
653,20,7840
654,2,1094
654,4,8967
654,1,8371
654,21,9884
655,1,7068
655,21,8729
655,5,5963
655,22,2474
655,20,8545
655,6,6692
655,23,2143
656,23,4777
656,1,5737
656,2,8667
656,6,870
657,5,3054
657,1,3560
658,20,592
658,1,7178
658,5,4666
659,1,6386
659,20,6864
659,4,9251
659,21,6865
659,2,7112
659,3,9107
660,10,9359
660,21,6590
660,3,6842
660,2,6028
660,20,2008
660,6,7158
661,22,5757
661,3,516
661,10,2335
661,6,3482
661,21,2296
661,5,4601
662,1,2970
662,21,5822
662,4,238
662,5,7028
662,3,9711
662,10,6662
662,2,5604
663,22,4550
663,1,1375
664,1,1290
664,2,3508
664,4,6570
664,3,4466
664,20,6129
664,21,3178
665,20,2237
665,2,9259
665,6,1139
665,1,840
665,22,1279
665,10,4568
665,21,6312
666,3,6567
666,5,3382
666,2,2085
667,21,275
667,23,124
668,4,6405
668,10,1525
668,21,4808
669,3,3367
669,10,6053
669,6,2808
669,2,2462
669,22,5444
669,23,5468
669,4,5311
670,21,2773
670,23,3015
670,4,5024
670,6,9282
670,3,8540
670,5,4379
671,22,454
671,10,3842
671,6,1389
671,2,8790
671,20,8026
671,1,5757
672,6,7665
672,10,5602
672,21,6105
673,20,1055
673,1,1732
673,21,6567
673,10,6788
674,2,2320
674,6,1900
674,10,4822
674,23,749
674,5,8845
674,4,6666
674,3,9564
675,21,5895
675,2,4425
675,22,6584
676,10,4232
676,23,7237
676,4,9924
676,2,181
676,1,309
677,6,1442
677,10,7894
677,3,5101
677,2,4870
677,20,5537
677,4,5140
678,10,3768
678,22,9025
678,4,8131
678,2,6190
679,2,9959
679,20,8700
679,21,9860
679,1,5497
680,4,2370
680,6,1215
681,6,1453
681,21,1340
681,2,1057
681,10,3052
681,1,7079
681,3,9493
681,22,6959
682,3,8220
682,22,9184
682,5,6484
682,4,9842
683,4,3001
683,2,1814
684,1,6690
684,21,9045
684,5,3792
684,10,6209
684,2,1256
684,3,6432
684,22,471
685,20,5000
685,6,8379
685,4,3644
685,2,4310
686,6,1784
686,5,7113
686,4,5267
686,3,9270
686,23,2714
687,6,3629
687,2,2205
687,20,9923
687,5,9400
687,4,103
687,10,4275
688,5,7480
688,4,4326
688,20,9888
689,23,1715
689,20,4309
689,4,925
689,21,2834
690,21,6940
690,6,152
691,23,4448
691,1,1898
691,22,8450
692,6,3791
692,10,3642
692,5,4932
692,20,8210
692,22,3100
692,21,6054
692,4,3242
693,23,8528
693,1,5086
693,2,7150
693,6,1222
693,5,3467
693,3,5542
694,20,4032
694,1,9096
694,2,4493
694,21,6911
694,4,2689
694,5,9759
695,23,4566
695,6,3962
695,22,4990
695,2,5726
695,3,6382
695,4,1600
695,21,6604
696,3,8390
696,6,9628
696,4,2280
696,23,9915
696,21,5734
696,10,4929
697,1,1977
697,4,3841
698,1,6614
698,2,5555
698,6,2708
698,20,2679
698,22,2125
699,23,1551
699,3,2097
699,5,9011
699,20,2704
699,6,4651
699,1,5577
699,22,4309
700,1,7876
700,2,3026
700,6,6482
701,20,197
701,21,6718
701,1,395
701,5,7737
701,23,1753
702,5,1889
702,6,5089
702,3,9059
702,10,4250
703,6,3892
703,20,2975
704,21,3661
704,4,2654
705,5,5141
705,10,8121
705,4,3257
706,4,2113
706,22,2908
706,21,7980
706,5,7793
707,4,6964
707,2,3114
707,10,7127
707,6,1692
707,23,1063
707,22,9424
708,20,4335
708,22,5428
708,3,7181
708,23,4388
708,2,3251
709,23,1624
709,21,6710
710,23,6001
710,3,9737
710,10,2950
711,4,8860
711,6,5288
711,20,407
712,3,6047
712,21,2164
712,6,1826
712,10,676
712,20,3301
712,5,8903
712,2,1131
713,4,4298
713,20,2018
714,1,1216
714,3,530
715,2,6821
715,1,5345
715,3,2479
715,6,5399
715,10,8697
715,23,6235
716,21,7481
716,1,6039
717,23,6979
717,2,7223
717,20,9064
717,4,5922
717,3,3419
718,23,7477
718,10,7527
718,22,4092
718,20,1068
718,1,6507
718,2,2289
719,3,2858
719,21,7912
719,1,1903
719,20,5538
720,22,2166
720,3,354
720,21,4127
720,23,5043
720,20,7473
720,1,8638
720,4,8834
721,10,7713
721,2,1647
721,21,3240
721,22,4198
721,5,7757
721,6,4239
721,1,9045
722,21,872
722,1,4513
722,2,3954
722,20,865
722,10,1904
722,6,298
722,22,7888
723,3,8622
723,10,7207
723,2,3109
723,1,6057
723,21,1721
723,23,4243
723,6,7111
724,4,4089
724,6,3759
724,10,5568
724,3,3891
724,2,8761
724,23,8607
725,6,5276
725,23,4164
725,10,9282
725,5,1859
725,2,3102
725,20,3292
725,3,8701
726,3,6156
726,21,7448
726,10,4474
727,22,603
727,10,7995
728,4,125
728,1,404
728,23,5828
728,3,3048
729,2,5741
729,6,2036
729,10,5102
729,21,3407
729,5,4394
730,21,6775
730,4,283
730,20,8458
730,2,1177
731,22,450
731,1,8891
731,21,1585
731,23,5041
732,4,8401
732,10,3572
732,22,3111
732,1,2247
732,23,6225
732,6,8681
732,3,3761
733,23,8097
733,1,7614
733,4,3065
733,5,1782
733,22,835
734,23,5216
734,20,6492
734,22,3949
734,4,256
734,21,1156
735,21,800
735,22,372
735,2,3046
735,5,5042
736,6,8012
736,23,4471
736,2,737
736,4,9329
736,10,2072
736,5,1727
736,21,7532
737,10,3045
737,6,1367
737,5,5294
737,1,1032
738,4,2534
738,21,1815
738,2,6425
738,6,4101
739,4,7490
739,3,9459
740,4,5125
740,1,1453
740,5,3264
741,21,9748
741,1,4137
741,22,3551
742,4,6719
742,3,160
742,5,5992
742,21,3006
742,1,9008
742,22,9835
743,1,2498
743,5,7811
743,21,9044
743,2,4607
743,4,6756
744,6,5392
744,4,4495
745,4,8098
745,21,9318
745,20,5635
745,10,7136
745,23,8420
746,5,2719
746,6,1598
746,4,3274
746,10,2635
746,1,208
747,4,505
747,20,1099
747,22,7093
747,10,6866
747,1,4039
747,21,6722
747,5,7088
748,10,7826
748,2,1759
748,21,9383
749,4,6296
749,6,4296
750,21,8189
750,23,7792
750,3,3507
751,2,5464
751,23,2605
751,4,6378
751,5,4154
751,20,8201
752,1,8248
752,2,1242
753,2,9585
753,22,5344
753,23,2201
753,4,2149
753,21,9308
753,1,1216
754,2,8238
754,10,2432
755,5,4223
755,1,4683
755,6,8203
755,4,5976
755,21,890
756,2,8035
756,10,7334
756,3,5696
757,21,3222
757,1,413
758,21,9482
758,2,6132
758,4,9948
759,10,2051
759,3,5348
759,23,6161
759,22,2384
759,6,9737
759,4,1196
759,5,832
760,10,693
760,21,1980
760,23,4688
760,4,5620
760,2,1104
761,22,7533
761,10,5390
761,6,2579
761,20,5375
761,4,7166
762,10,6687
762,23,4054
762,1,902
762,20,5916
762,2,3015
762,6,4036
762,4,7217
763,1,7162
763,6,8526
764,5,277
764,1,3308
764,23,8397
764,2,9267
764,6,8119
764,4,4248
764,22,285
765,10,3414
765,4,3004
765,3,7329
765,6,6067
765,23,7120
766,20,3705
766,22,7764
766,21,8695
767,21,8494
767,2,9730
767,10,4162
767,5,844
767,6,2595
767,23,7539
768,22,2604
768,2,5705
769,6,3980
769,2,3011
769,5,6165
769,21,4581
770,2,1880
770,21,1996
770,4,8732
770,3,2989
770,1,448
770,20,9837
770,10,9890
771,6,2517
771,1,4211
772,2,7357
772,10,4695
772,5,2323
773,6,9241
773,2,6597
773,23,9689
773,22,7055
773,21,9873
773,20,4066
774,23,8627
774,1,3167
774,22,3086
774,2,5494
774,20,5274
775,1,3313
775,20,295
775,22,4754
775,21,9736
775,4,1517
775,2,5942
775,6,2599
776,23,2652
776,3,1508
776,5,894
776,22,8722
777,6,2451
777,10,624
777,4,1819
777,23,7771
778,22,8624
778,10,6619
778,23,946
778,2,1422
778,1,2459
778,3,4108
779,23,7293
779,3,7785
780,5,8343
780,21,7108
780,20,8893
781,1,1964
781,6,3647
781,22,6601
781,10,1676
782,6,1129
782,5,5665
782,20,5078
783,21,4208
783,2,6644
783,6,5605
783,23,663
783,10,790
783,1,2054
784,22,4130
784,20,940
784,21,417
784,5,1725
784,3,7341
785,6,1545
785,4,824
785,5,7199
785,22,9552
786,4,2696
786,3,7081
786,20,1180
787,23,7449
787,6,8717
788,6,3850
788,21,1681
788,5,2139
789,22,3212
789,21,4386
789,10,3912
789,4,4474
789,23,5612
789,3,343
790,2,2553
790,1,3308
790,6,7678
790,10,6467
791,22,6582
791,4,5790
791,2,4253
791,10,8856
791,5,2030
791,1,7955
792,6,8555
792,20,2714
792,4,4605
792,23,4263
792,10,7374
792,21,9952
792,5,9597
793,21,934
793,1,9849
793,22,2663
793,23,2168
793,10,6167
794,20,2892
794,4,5281
794,21,6791
794,1,8099
794,5,8823
794,3,245
794,6,6710
795,4,5879
795,3,5631
795,5,3196
795,22,207
795,2,7342
795,23,2193
795,20,6114
796,3,5541
796,21,1553
796,10,5111
797,3,172
797,1,5138
797,10,8187
797,5,1774
797,21,2994
797,2,1374
798,10,7640
798,2,3875
798,23,4079
798,22,5167
798,21,519
798,4,3922
798,1,6344
799,22,844
799,1,993
799,4,7269
799,6,7280
799,5,5158
799,23,2547
799,20,5209
800,5,8120
800,4,4198
800,2,1474
801,23,2537
801,6,4014
801,4,1529
801,10,5970
801,5,4152
802,21,2404
802,4,1822
802,3,142
803,21,476
803,5,1048
803,6,2736
803,23,1955
803,22,1093
804,1,9474
804,20,1826
804,4,6152
804,23,9914
804,10,1132
804,6,1894
804,2,9557
805,2,4190
805,3,8195
805,22,1130
806,10,1043
806,6,4123
806,4,384
806,1,8236
806,5,4881
806,20,8408
807,20,4068
807,10,2375
807,23,5547
807,4,6532
807,1,1835
808,10,8461
808,1,4183
808,3,7966
808,6,1964
809,1,3537
809,23,1259
809,22,3608
809,2,1757
809,5,2861
809,21,4261
810,1,2432
810,6,3405
810,4,3524
810,2,8280
810,23,3960
810,20,7156
810,3,9338
811,1,1291
811,10,8748
811,5,2350
811,23,9930
811,20,1929
811,3,5096
811,2,1469
812,4,1708
812,3,2729
813,23,8603
813,4,1478
813,10,9442
813,21,2137
814,23,590
814,2,6210
814,20,8183
814,3,7133
815,22,6685
815,10,5298
815,21,5879
815,2,8683
815,5,8541
815,3,5476
815,20,7345
816,3,581
816,10,1621
816,2,8685
816,5,3716
816,6,4818
816,21,4241
817,3,6486
817,10,3100
817,2,2745
817,6,1709
817,20,5676
818,22,4355
818,23,292
818,2,1628
818,6,4470
819,10,1961
819,23,3588
819,3,9288
819,22,7157
820,3,8039
820,1,8249
821,10,8188
821,4,673
821,22,9944
821,20,2487
821,23,9996
821,2,5226
822,21,4603
822,1,1081
822,23,6518
822,20,1183
823,10,1290
823,22,8892
823,4,5835
823,23,381
824,6,5409
824,4,3646
824,22,2773
825,5,8398
825,10,5823
825,23,6766
825,2,8356
825,1,4104
825,22,4934
826,1,7138
826,5,9368
827,10,6607
827,5,500
827,1,4336
827,3,8011
828,3,1766
828,1,8826
829,22,1843
829,20,4380
829,3,6032
830,3,2416
830,22,6484
830,5,4649
831,3,1420
831,20,4868
831,5,8726
832,23,8182
832,5,5808
833,20,3829
833,2,7243
833,22,4362
834,23,3532
834,1,9714
835,20,7430
835,1,6027
835,2,7954
835,10,3945
835,4,5149
836,21,3219
836,6,9633
837,10,1496
837,22,7736
837,23,942
837,2,7007
837,1,1455
837,3,1264
838,4,8100
838,6,9810
838,2,4706
839,21,5803
839,20,7004
839,5,6416
839,4,7681
840,3,8870
840,4,8530
841,1,5758
841,20,9202
841,23,726
841,6,7479
841,2,6860
841,4,5866
842,4,4417
842,6,1856
842,3,2880
842,21,4053
842,20,4416
843,2,4630
843,5,6639
843,6,9314
843,10,2039
843,4,2367
843,20,6683
843,23,4580
844,3,3231
844,6,1457
844,22,6955
844,4,1490
844,5,8065
844,21,6536
845,10,968
845,22,1776
845,20,3491
845,4,7330
845,5,7295
846,10,5332
846,5,8800
846,21,5535
846,4,3428
846,6,7400
846,1,4662
846,2,6565
847,5,1158
847,22,3268
847,4,4106
847,6,1509
847,3,8982
847,23,1554
847,10,8464
848,5,8120
848,3,6886
849,1,2808
849,5,4540
849,22,1687
849,20,235
850,20,2040
850,22,4424
850,1,6470
850,10,7641
851,2,9957
851,21,7523
852,23,3314
852,2,5938
852,5,737
852,1,490
852,3,6316
852,21,7346
852,20,9920
853,10,4727
853,20,6867
853,4,5967
853,3,3890
853,23,5293
853,2,2193
853,6,3858
854,10,3673
854,22,7705
854,4,1419
855,23,9703
855,4,7793
855,1,5363
855,20,3873
855,21,122
855,5,4571
856,2,8514
856,1,7127
857,6,4124
857,21,8542
857,2,7498
858,21,3765
858,1,9088
858,2,2805
858,22,5043
858,6,6504
858,5,3192
859,23,7999
859,21,1247
859,22,289
859,2,7780
859,10,8025
859,1,7719
859,6,9562
860,21,7165
860,1,1688
860,5,9496
860,10,6030
861,3,6174
861,4,9874
861,6,4238
861,1,4979
861,23,4683
861,5,7565
862,5,9383
862,22,1852
862,4,4489
862,3,1699
863,23,8181
863,4,182
863,10,5262
864,23,8088
864,21,4266
864,20,8177
864,6,7593
864,22,3291
864,1,1973
864,4,6655
865,3,1611
865,1,4354
865,5,5731
865,21,9751
866,2,2415
866,5,1620
866,21,8842
866,22,3646
866,3,6075
867,20,4867
867,23,4528
867,10,7621
867,4,3211
867,3,9399
868,23,492
868,6,3327
868,4,5773
868,3,8810
869,3,411
869,1,7101
869,20,2943
870,6,4423
870,21,7486
870,22,3540
870,2,1250
870,3,3021
870,5,3276
871,20,2141
871,2,1586
871,22,4397
871,23,953
871,6,8779
871,10,315
871,5,7736
872,22,9174
872,3,1741
872,6,2269
872,23,9916
872,4,1332
873,6,9934
873,21,1509
873,3,3993
873,5,3355
873,22,659
874,10,8770
874,1,6273
874,23,9482
874,20,5148
875,10,2904
875,2,8257
875,1,6695
875,3,5589
876,20,8699
876,23,8053
877,10,6823
877,4,4871
877,1,1590
877,21,2954
878,23,8087
878,4,5883
878,21,4469
878,10,3000
878,2,6792
879,1,2037
879,2,7743
879,6,7893
879,3,3696
879,5,6017
879,4,4866
879,20,6878
880,3,1822
880,22,1423
880,21,1574
880,2,5881
880,23,4963
881,10,8125
881,21,3652
881,20,3359
881,22,6556
881,3,4890
881,4,6505
882,20,8439
882,23,4256
882,6,8589
882,3,2849
882,10,3491
883,3,7549
883,21,847
883,2,8633
883,22,6827
883,5,5895
883,10,3466
883,20,9368
884,20,8812
884,6,4013
884,23,5823
884,21,5525
885,21,5521
885,6,6681
886,2,9705
886,10,6506
887,2,4051
887,21,3106
887,3,9676
887,20,683
887,23,7584
888,1,340
888,21,9779
888,3,5880
888,6,938
888,4,1202
889,1,9700
889,6,369
890,5,7362
890,22,9705
891,2,7288
891,4,672
891,5,6716
891,22,6253
891,10,7400
891,21,2374
892,23,2837
892,20,8225
893,1,3110
893,23,6583
893,4,3004
893,5,1373
894,22,5569
894,1,3347
894,2,2833
895,20,2670
895,22,6276
895,4,7388
895,2,3082
895,1,8635
896,21,3303
896,6,8221
897,21,7561
897,6,4859
897,20,2383
897,3,7055
897,10,4146
897,23,7970
898,23,6426
898,20,2257
898,6,6319
898,3,7526
898,2,2964
898,22,4932
898,21,1593
899,4,5217
899,6,4662
899,2,7837
899,21,9460
899,10,3378
899,22,4096
899,1,2189
900,20,4313
900,23,149
900,21,2636
900,22,854
900,3,8554
900,5,6597
900,2,6602
901,1,4812
901,4,1780
901,20,5061
901,6,1186
901,5,5405
901,10,8757
901,22,3093
902,23,2642
902,21,1232
902,4,1066
902,20,4328
902,2,3468
902,1,6265
903,22,1414
903,23,9843
903,3,7053
904,6,7208
904,3,9705
905,2,5116
905,20,1038
905,1,1471
905,3,3814
906,3,8158
906,22,5655
906,2,9400
906,21,483
906,10,5971
906,20,3203
906,6,1955
907,2,9284
907,5,3157
907,20,4037
907,4,7539
907,6,5230
907,21,4809
908,1,4352
908,6,947
908,5,4415
908,3,9424
908,2,8480
908,23,4936
909,4,3025
909,3,1308
909,1,506
909,6,371
909,10,1128
910,4,2144
910,1,597
910,3,6721
910,6,5822
910,5,5645
910,21,5132
911,10,4447
911,5,2014
911,20,1956
911,4,4156
912,2,6147
912,21,7175
912,23,2925
912,4,4824
913,4,561
913,20,2100
914,4,204
914,10,8756
914,5,9846
914,23,9648
914,6,3606
914,3,2198
914,21,1890
915,6,9185
915,3,7421
915,20,3188
915,5,3728
915,1,4221
915,21,2554
916,3,782
916,23,1006
916,5,4125
916,2,3383
916,10,6509
917,21,6735
917,3,7933
918,20,5959
918,4,4132
918,6,1516
918,3,833
918,23,7878
918,5,1640
918,10,6718
919,3,9194
919,4,3428
919,5,6904
920,20,5344
920,22,8779
920,6,1554
920,10,8200
920,4,7161
920,21,7639
921,4,350
921,6,1189
921,20,4317
921,2,7159
921,22,2550
922,5,9495
922,22,522
922,20,5465
922,21,3285
922,6,6491
922,3,2925
922,10,2620
923,4,7011
923,21,7738
924,5,8203
924,23,272
924,21,3521
924,2,9955
925,6,6030
925,4,5661
925,3,7896
925,23,513
926,3,1307
926,5,3334
926,22,3863
926,20,1593
926,21,2314
927,6,3928
927,5,3955
928,22,8525
928,10,9530
928,20,8654
929,6,5796
929,1,5892
929,10,1875
929,23,2217
930,3,2523
930,10,7861
930,20,8429
930,5,9870
930,6,7978
930,23,4029
931,10,7740
931,3,2679
931,1,2678
931,23,2241
931,20,2228
931,6,889
932,5,3985
932,1,9667
932,3,697
932,6,6069
932,22,2912
933,1,1330
933,10,4009
933,6,1090
934,2,2467
934,5,3751
934,23,7871
934,6,8508
935,5,7063
935,1,3840
935,10,1203
935,23,1198
935,22,2647
935,6,6322
935,4,8120
936,3,8576
936,22,1632
936,21,9116
936,4,9966
937,1,8765
937,21,1871
937,23,5887
937,2,961
937,22,3132
937,10,8378
937,3,2453
938,23,6069
938,4,7971
938,20,3851
938,10,6724
938,6,8915
938,21,8945
939,2,7128
939,4,1364
939,23,2363
939,10,7421
939,22,8394
939,21,3287
940,10,1409
940,6,3845
940,4,8998
940,3,3979
940,5,7313
941,10,7777
941,5,5066
941,20,203
941,2,2056
941,3,3226
942,1,166
942,2,2293
942,5,8337
942,4,5025
942,21,5398
942,22,5287
943,21,2574
943,20,492
943,3,1998
944,2,4418
944,10,5941
944,21,4893
944,1,2171
944,23,6685
945,5,7728
945,1,8404
946,2,5366
946,22,2427
946,21,2730
946,3,5400
947,23,3294
947,2,3365
948,6,2809
948,5,6976
948,22,4624
948,10,5680
948,1,9895
949,23,3850
949,2,9519
949,1,5511
949,21,9673
949,22,545
949,4,5365
949,5,5864
950,10,7863
950,20,5267
950,1,9525
951,4,5800
951,20,487
952,10,8726
952,3,159
952,1,7824
952,4,3974
952,21,7364
952,6,9754
952,22,9972
953,2,7291
953,10,6747
953,4,3824
953,1,5971
953,22,9880
953,23,3192
953,21,6056
954,22,9293
954,4,9742
954,6,2464
954,10,9544
954,21,5787
954,2,3599
955,6,4696
955,2,5903
955,4,9610
956,3,5638
956,5,5962
956,20,7789
957,2,1061
957,21,5354
957,6,6994
957,1,6729
957,22,7744
958,10,3730
958,22,3919
959,5,7013
959,1,1554
959,21,3496
959,22,4981
959,3,5463
959,2,6948
960,4,5553
960,3,4545
960,10,517
960,22,7996
961,1,9679
961,23,8292
961,3,1517
961,22,5980
961,21,8193
962,22,3098
962,6,2830
963,3,7387
963,22,4578
963,5,5463
963,6,2762
964,20,1506
964,22,4820
965,21,7033
965,6,1790
965,5,9448
965,4,6060
965,3,6567
965,22,5596
965,1,2766
966,1,5762
966,6,9458
967,10,274
967,21,876
967,22,5872
967,2,9817
967,20,5203
968,21,9979
968,5,5096
968,6,1914
968,22,4613
968,3,6826
968,20,7881
968,4,1629
969,3,9430
969,1,7086
970,5,3809
970,4,4689
970,22,7965
970,21,1839
971,23,4055
971,21,254
971,4,1221
971,5,3167
971,1,2767
971,6,3874
971,22,380
972,23,8357
972,5,2219
973,21,6075
973,2,1518
974,4,4013
974,21,2328
974,2,6071
974,1,9420
975,2,9755
975,21,1552
975,3,396
975,10,8916
976,6,5402
976,2,8812
976,22,5879
976,5,6048
976,10,4321
976,1,7904
977,4,9012
977,3,5005
977,1,1351
977,5,3621
977,6,9699
977,10,8033
978,22,722
978,23,5189
978,20,2271
978,21,4194
979,1,8510
979,22,6917
979,20,1521
979,2,4164
979,21,5197
979,4,9126
979,23,7172
980,21,7139
980,23,5138
980,10,7256
980,6,2137
981,20,3927
981,3,7138
981,10,747
981,4,8896
981,23,3272
981,22,3631
982,3,8518
982,4,8443
982,21,8004
982,1,8233
982,6,8093
982,5,6737
983,10,1902
983,4,4749
983,6,8335
983,2,6517
983,21,7811
984,20,4787
984,21,8455
985,4,8912
985,5,9873
985,23,6113
985,3,5476
985,6,1685
986,20,7818
986,5,6994
986,21,1448
986,3,843
986,23,8322
986,4,8218
986,6,7589
987,2,1883
987,4,4063
987,5,3305
987,6,6351
988,23,7736
988,10,3719
988,20,2082
988,3,9267
989,6,6120
989,20,8973
989,4,113
990,5,4426
990,4,820
990,3,3475
991,22,1924
991,23,7371
991,5,3060
991,6,7783
991,21,7478
991,1,7521
991,3,3892
992,5,2028
992,10,6458
992,21,1013
992,1,6006
992,22,2623
992,2,9434
993,3,2024
993,20,371
993,21,1964
993,23,1449
993,22,9956
994,10,774
994,5,8074
994,6,9485
994,3,5152
994,2,7318
994,23,6966
995,10,4615
995,5,3669
995,4,5591
996,20,6177
996,3,1859
997,6,1724
997,22,7562
997,21,8268
998,21,1779
998,5,4088
998,23,742
999,6,7946
999,10,9645
999,23,3911
999,5,5601
999,2,1513
1000,4,9637
